2019-08-04T00:36:12.835342Z,2019-08-04T00:36:12.835359Z,1,1,5120200,512020,20,US 20 EB Driving Lane,T89N,28,R02E,Dubuque,RDBI4,42.490333,-90.73100000000001,819,DUBUQUE,US 20,316.25,556806,Dubuque,6,31,38,90,0,0
2019-08-04T00:36:12.835370Z,2019-08-04T00:36:12.835372Z,2,1,5120201,512020,20,US 20 EB Passing Lane,T89N,28,R02E,Dubuque,RDBI4,42.490333,-90.73100000000001,819,DUBUQUE,US 20,316.25,556806,Dubuque,6,31,35,90,1,1
2019-08-04T00:36:12.835383Z,2019-08-04T00:36:12.835385Z,3,1,5120202,512020,20,US 20 WB Exit Left 1,T89N,28,R02E,Dubuque,RDBI4,42.490333,-90.73100000000001,819,DUBUQUE,US 20,316.25,556806,Dubuque,6,31,28,270,2,2
2019-08-04T00:36:12.835394Z,2019-08-04T00:36:12.835396Z,4,1,5120203,512020,20,US 20 WB Exit Left 2,T89N,28,R02E,Dubuque,RDBI4,42.490333,-90.73100000000001,819,DUBUQUE,US 20,316.25,556806,Dubuque,6,31,39,270,3,3
2019-08-04T00:36:12.835406Z,2019-08-04T00:36:12.835408Z,5,1,5120204,512020,20,US 20 WB Passing Lane,T89N,28,R02E,Dubuque,RDBI4,42.490333,-90.73100000000001,819,DUBUQUE,US 20,316.25,556806,Dubuque,6,31,43,270,4,4
2019-08-04T00:36:12.835418Z,2019-08-04T00:36:12.835420Z,6,1,5120205,512020,20,US 20 WB Driving Lane,T89N,28,R02E,Dubuque,RDBI4,42.490333,-90.73100000000001,819,DUBUQUE,US 20,316.25,556806,Dubuque,6,31,40,270,5,5
2019-08-04T00:36:12.835429Z,2019-08-04T00:36:12.835431Z,7,1,5120250,512025,25,IA 4 SB,T84N,30,R30W,Jefferson,RJFI4,42.051833,-94.3783,1016,GREENE,IA 4,25.1,551613,Jefferson,1,37,56,180,0,0
2019-08-04T00:36:12.835441Z,2019-08-04T00:36:12.835443Z,8,1,5120251,512025,25,IA 4 NB,T84N,30,R30W,Jefferson,RJFI4,42.051833,-94.3783,1016,GREENE,IA 4,25.1,551613,Jefferson,1,37,58,0,1,1
2019-08-04T00:36:12.835452Z,2019-08-04T00:36:12.835454Z,9,1,5120270,512027,27,US 20 WB Driving Lane,T89N,33,R05W,Manchester,RMNI4,42.471000000000004,-91.4473,1013,DELAWARE,US 20,276.95,556605,Manchester,6,28,81,270,0,0
2019-08-04T00:36:12.835464Z,2019-08-04T00:36:12.835466Z,10,1,5120271,512027,27,US 20 WB Passing Lane,T89N,33,R05W,Manchester,RMNI4,42.471000000000004,-91.4473,1013,DELAWARE,US 20,276.95,556605,Manchester,6,28,74,270,1,1
2019-08-04T00:36:12.835476Z,2019-08-04T00:36:12.835478Z,11,1,5120272,512027,27,US 20 EB Passing Lane,T89N,33,R05W,Manchester,RMNI4,42.471000000000004,-91.4473,1013,DELAWARE,US 20,276.95,556605,Manchester,6,28,71,90,2,2
2019-08-04T00:36:12.835487Z,2019-08-04T00:36:12.835489Z,12,1,5120273,512027,27,US 20 EB Driving Lane,T89N,33,R05W,Manchester,RMNI4,42.471000000000004,-91.4473,1013,DELAWARE,US 20,276.95,556605,Manchester,6,28,71,90,3,3
2019-08-04T00:36:12.835499Z,2019-08-04T00:36:12.835501Z,13,1,5120300,512030,30,I-35 NB Drive Lane,T95N,20,R21W,Mason City,RMCI4,43.038000000000004,-93.3418,1235,CERRO GORDO,I-35,186.6,552617,Mason City,2,17,80,0,0,0
2019-08-04T00:36:12.835511Z,2019-08-04T00:36:12.835513Z,14,1,5120301,512030,30,I-35 NB Passing Lane,T95N,20,R21W,Mason City,RMCI4,43.038000000000004,-93.3418,1235,CERRO GORDO,I-35,186.6,552617,Mason City,2,17,71,0,1,1
2019-08-04T00:36:12.835522Z,2019-08-04T00:36:12.835525Z,15,1,5120302,512030,30,I-35 SB Passing Lane,T95N,20,R21W,Mason City,RMCI4,43.038000000000004,-93.3418,1235,CERRO GORDO,I-35,186.6,552617,Mason City,2,17,76,180,2,2
2019-08-04T00:36:12.835534Z,2019-08-04T00:36:12.835536Z,16,1,5120303,512030,30,I-35 SB Drive Lane,T95N,20,R21W,Mason City,RMCI4,43.038000000000004,-93.3418,1235,CERRO GORDO,I-35,186.6,552617,Mason City,2,17,74,180,3,3
2019-08-04T00:36:12.835546Z,2019-08-04T00:36:12.835548Z,17,1,5120095,512009,9,I-380 SB Center Lane,T83N,21,R07W,Cedar Rapids I-380,RCDI4,41.978,-91.6745,773,LINN,I-380,19.95,556608,Cedar Rapids,6,57,46,180,5,5
2019-08-04T00:36:12.835557Z,2019-08-04T00:36:12.835560Z,18,1,5120471,512047,47,I-35 SB Passing Lane,T90N,23,R23W,Williams,RWII4,42.5875,-93.5315,1067,HAMILTON,I-35,153.0,551609,Williams,2,40,81,180,1,1
2019-08-04T00:36:12.835569Z,2019-08-04T00:36:12.835571Z,19,1,5120492,512049,49,I-35 NB Passing Lane,T99N,17,R21W,Worth County/Hanlontown,RHAI4,43.392167,-93.3498,1093,WORTH,I-35,211.2,552698,Hanlontown,2,98,2,0,2,2
2019-08-04T00:36:12.835580Z,2019-08-04T00:36:12.835583Z,20,0,5120000,512000,0,I-80 EB Driving Lane,T77N,2,R34W,Adair,RDAI4,41.496333,-94.7263,1475,CASS,I-80,72.0,554602,Adair,4,15,9999,90,0,0
2019-08-04T00:36:12.835592Z,2019-08-04T00:36:12.835594Z,21,1,5120490,512049,49,I-35 SB Driving Lane,T99N,17,R21W,Worth County/Hanlontown,RHAI4,43.392167,-93.3498,1093,WORTH,I-35,211.2,552698,Hanlontown,2,98,70,180,0,0
2019-08-04T00:36:12.835604Z,2019-08-04T00:36:12.835606Z,22,1,5120491,512049,49,I-35 SB Passing Lane,T99N,17,R21W,Worth County/Hanlontown,RHAI4,43.392167,-93.3498,1093,WORTH,I-35,211.2,552698,Hanlontown,2,98,43,180,1,1
2019-08-04T00:36:12.835615Z,2019-08-04T00:36:12.835618Z,23,0,5120001,512000,0,I-80 EB Passing Lane,T77N,2,R34W,Adair,RDAI4,41.496333,-94.7263,1475,CASS,I-80,72.0,554602,Adair,4,15,9999,90,1,1
2019-08-04T00:36:12.835627Z,2019-08-04T00:36:12.835629Z,24,0,5120002,512000,0,I-80 WB Passing Lane,T77N,2,R34W,Adair,RDAI4,41.496333,-94.7263,1475,CASS,I-80,72.0,554602,Adair,4,15,9999,270,2,2
2019-08-04T00:36:12.835639Z,2019-08-04T00:36:12.835641Z,25,0,5120003,512000,0,I-80 WB Driving Lane,T77N,2,R34W,Adair,RDAI4,41.496333,-94.7263,1475,CASS,I-80,72.0,554602,Adair,4,15,9999,270,3,3
2019-08-04T00:36:12.835650Z,2019-08-04T00:36:12.835652Z,26,0,5120010,512001,1,IA 18 EB,T95N,4,R30W,Algona,RALI4,43.083,-94.3985,1106,KOSSUTH,US 18,121.8,552655,Algona,2,55,9999,90,0,0
2019-08-04T00:36:12.835662Z,2019-08-04T00:36:12.835664Z,27,0,5120011,512001,1,IA 18 WB,T95N,4,R30W,Algona,RALI4,43.083,-94.3985,1106,KOSSUTH,US 18,121.8,552655,Algona,2,55,9999,270,1,1
2019-08-04T00:36:12.835673Z,2019-08-04T00:36:12.835676Z,28,1,5120020,512002,2,IA 10 WB,T95N,31,R44W,Alton,RTNI4,42.997833,-96.0843,1410,SIOUX,IA 10,24.3,553808,Alton,3,84,57,270,0,0
2019-08-04T00:36:12.835685Z,2019-08-04T00:36:12.835687Z,29,1,5120021,512002,2,IA 10 EB,T95N,31,R44W,Alton,RTNI4,42.997833,-96.0843,1410,SIOUX,IA 10,24.3,553808,Alton,3,84,58,90,1,1
2019-08-04T00:36:12.835697Z,2019-08-04T00:36:12.835699Z,30,0,5120040,512004,4,I-35 NB Drive Lane,T83N,6,R23W,Ames,RAMI4,42.034,-93.5702,1027,STORY,I-35,113.55,551602,Ames,1,85,9999,0,0,0
2019-08-04T00:36:12.835708Z,2019-08-04T00:36:12.835710Z,31,0,5120041,512004,4,I-35 NB Pass Lane,T83N,6,R23W,Ames,RAMI4,42.034,-93.5702,1027,STORY,I-35,113.55,551602,Ames,1,85,9999,0,1,1
2019-08-04T00:36:12.835720Z,2019-08-04T00:36:12.835722Z,32,0,5120042,512004,4,I-35 SB Pass Lane,T83N,6,R23W,Ames,RAMI4,42.034,-93.5702,1027,STORY,I-35,113.55,551602,Ames,1,85,9999,180,2,2
2019-08-04T00:36:12.835731Z,2019-08-04T00:36:12.835733Z,33,0,5120043,512004,4,I-35 SB Drive Lane,T83N,6,R23W,Ames,RAMI4,42.034,-93.5702,1027,STORY,I-35,113.55,551602,Ames,1,85,9999,180,3,3
2019-08-04T00:36:12.835743Z,2019-08-04T00:36:12.835745Z,34,1,5120060,512006,6,I-80 EB Driving Lane,T77N,2,R39W,Avoca,RAVI4,41.498166999999995,-95.2915,1238,POTTAWATTAMIE,I-80,42.6,554802,Avoca,4,78,78,90,0,0
2019-08-04T00:36:12.835754Z,2019-08-04T00:36:12.835756Z,35,1,5120061,512006,6,I-80 EB Passing Lane,T77N,2,R39W,Avoca,RAVI4,41.498166999999995,-95.2915,1238,POTTAWATTAMIE,I-80,42.6,554802,Avoca,4,78,79,90,1,1
2019-08-04T00:36:12.835765Z,2019-08-04T00:36:12.835768Z,36,1,5120062,512006,6,I-80 WB Passing Lane,T77N,2,R39W,Avoca,RAVI4,41.498166999999995,-95.2915,1238,POTTAWATTAMIE,I-80,42.6,554802,Avoca,4,78,80,270,2,2
2019-08-04T00:36:12.835777Z,2019-08-04T00:36:12.835779Z,37,1,5120063,512006,6,I-80 WB Driving Lane,T77N,2,R39W,Avoca,RAVI4,41.498166999999995,-95.2915,1238,POTTAWATTAMIE,I-80,42.6,554802,Avoca,4,78,71,270,3,3
2019-08-04T00:36:12.835789Z,2019-08-04T00:36:12.835791Z,38,1,5120070,512007,7,US 34 WB Driving Lane,T70N,33,R02W,Burlington,RBUI4,40.813,-91.0992,715,DES MOINES,US 34,263.5,555829,Burlington,5,29,60,270,0,0
2019-08-04T00:36:12.835800Z,2019-08-04T00:36:12.835802Z,39,1,5120071,512007,7,US 34 WB Passing Lane,T70N,33,R02W,Burlington,RBUI4,40.813,-91.0992,715,DES MOINES,US 34,263.5,555829,Burlington,5,29,53,270,1,1
2019-08-04T00:36:12.835812Z,2019-08-04T00:36:12.835814Z,40,1,5120072,512007,7,US 34 EB Passing Lane,T70N,33,R02W,Burlington,RBUI4,40.813,-91.0992,715,DES MOINES,US 34,263.5,555829,Burlington,5,29,61,90,2,2
2019-08-04T00:36:12.835823Z,2019-08-04T00:36:12.835825Z,41,1,5120073,512007,7,US 34 EB Driving Lane,T70N,33,R02W,Burlington,RBUI4,40.813,-91.0992,715,DES MOINES,US 34,263.5,555829,Burlington,5,29,58,90,3,3
2019-08-04T00:36:12.835835Z,2019-08-04T00:36:12.835837Z,42,1,5120080,512008,8,US 30 WB Driving Lane,T84N,14,R35W,Carroll,RCAI4,42.0785,-94.8975,1275,CARROLL,US 30,80.0,553613,Carroll,3,14,61,270,0,0
2019-08-04T00:36:12.835846Z,2019-08-04T00:36:12.835849Z,43,1,5120081,512008,8,US 30 WB Passing Lane,T84N,14,R35W,Carroll,RCAI4,42.0785,-94.8975,1275,CARROLL,US 30,80.0,553613,Carroll,3,14,56,270,1,1
2019-08-04T00:36:12.835858Z,2019-08-04T00:36:12.835860Z,44,1,5120310,512031,31,I-29 NB,T78N,20,R44W,Missouri Valley,RMVI4,41.5495,-95.9173,1015,HARRISON,I-29,75.7,554810,Missouri Valley,4,43,71,0,0,0
2019-08-04T00:36:12.835870Z,2019-08-04T00:36:12.835872Z,45,1,5120311,512031,31,I-29 SB Passing Lane,T78N,20,R44W,Missouri Valley,RMVI4,41.5495,-95.9173,1015,HARRISON,I-29,75.7,554810,Missouri Valley,4,43,66,180,1,1
2019-08-04T00:36:12.835882Z,2019-08-04T00:36:12.835884Z,46,1,5120330,512033,33,US 18 WB,T95N,2,R14W,New Hampton,RNHI4,43.067167,-92.4592,1072,CHICKASAW,US 18,223.95,552819,New Hampton,2,19,63,270,0,0
2019-08-04T00:36:12.835893Z,2019-08-04T00:36:12.835895Z,47,1,5120331,512033,33,US 18 EB,T95N,2,R14W,New Hampton,RNHI4,43.067167,-92.4592,1072,CHICKASAW,US 18,223.95,552819,New Hampton,2,19,61,90,1,1
2019-08-04T00:36:12.835905Z,2019-08-04T00:36:12.835907Z,48,1,5120350,512035,35,I-35 NB Ramp,T72N,24,R26W,Osceola,ROSI4,41.0267,-93.7943,1115,CLARKE,US 34,114.3,555620,Osceola,5,20,35,0,0,0
2019-08-04T00:36:12.835917Z,2019-08-04T00:36:12.835919Z,49,1,5120351,512035,35,I-35 NB Driving Lane,T72N,24,R26W,Osceola,ROSI4,41.0267,-93.7943,1115,CLARKE,US 34,114.3,555620,Osceola,5,20,35,0,1,1
2019-08-04T00:36:12.835928Z,2019-08-04T00:36:12.835930Z,50,1,5120352,512035,35,I-35 NB Passing Lane,T72N,24,R26W,Osceola,ROSI4,41.0267,-93.7943,1115,CLARKE,US 34,114.3,555620,Osceola,5,20,73,0,2,2
2019-08-04T00:36:12.835940Z,2019-08-04T00:36:12.835942Z,51,1,5120353,512035,35,I-35 SB Passing Lane,T72N,24,R26W,Osceola,ROSI4,41.0267,-93.7943,1115,CLARKE,US 34,114.3,555620,Osceola,5,20,71,180,3,3
2019-08-04T00:36:12.835952Z,2019-08-04T00:36:12.835954Z,52,1,5120354,512035,35,I-35 SB Driving Lane,T72N,24,R26W,Osceola,ROSI4,41.0267,-93.7943,1115,CLARKE,US 34,114.3,555620,Osceola,5,20,70,180,4,4
2019-08-04T00:36:12.835963Z,2019-08-04T00:36:12.835965Z,53,1,5120360,512036,36,US 63 NB Driving Lane,T72N,24,R14W,Ottumwa,ROTI4,41.016833,-92.4212,642,WAPELLO,US 63,35.6,555690,Ottumwa,5,90,40,0,0,0
2019-08-04T00:36:12.835975Z,2019-08-04T00:36:12.835977Z,54,1,5120361,512036,36,US 63 NB Passing Lane,T72N,24,R14W,Ottumwa,ROTI4,41.016833,-92.4212,642,WAPELLO,US 63,35.6,555690,Ottumwa,5,90,43,0,1,1
2019-08-04T00:36:12.835986Z,2019-08-04T00:36:12.835989Z,55,1,5120362,512036,36,US 63 SB Drving Lane,T72N,24,R14W,Ottumwa,ROTI4,41.016833,-92.4212,642,WAPELLO,US 63,35.6,555690,Ottumwa,5,90,48,180,2,2
2019-08-04T00:36:12.835998Z,2019-08-04T00:36:12.836000Z,56,1,5120363,512036,36,US 63 SB Passing Lane,T72N,24,R14W,Ottumwa,ROTI4,41.016833,-92.4212,642,WAPELLO,US 63,35.6,555690,Ottumwa,5,90,43,180,3,3
2019-08-04T00:36:12.836010Z,2019-08-04T00:36:12.836012Z,57,1,5120370,512037,37,IA 163 WB Drivng Lane,T76N,13,R18W,Pella,RPLI4,41.390167,-92.8725,890,MARION,IA 163,44.9,555662,Oskaloosa,5,63,71,270,0,0
2019-08-04T00:36:12.836021Z,2019-08-04T00:36:12.836023Z,58,1,5120371,512037,37,IA 163 WB Passing Lane,T76N,13,R18W,Pella,RPLI4,41.390167,-92.8725,890,MARION,IA 163,44.9,555662,Oskaloosa,5,63,71,270,1,1
2019-08-04T00:36:12.836033Z,2019-08-04T00:36:12.836035Z,59,1,5120372,512037,37,IA 163 EB Passing Lane,T76N,13,R18W,Pella,RPLI4,41.390167,-92.8725,890,MARION,IA 163,44.9,555662,Oskaloosa,5,63,63,90,2,2
2019-08-04T00:36:12.836045Z,2019-08-04T00:36:12.836047Z,60,1,5120373,512037,37,IA 163 EB Driving Lane,T76N,13,R18W,Pella,RPLI4,41.390167,-92.8725,890,MARION,IA 163,44.9,555662,Oskaloosa,5,63,70,90,3,3
2019-08-04T00:36:12.836057Z,2019-08-04T00:36:12.836059Z,61,1,5120400,512040,40,IA 92 EB,T76N,36,R13W,Sigourney,RSGI4,41.336333,-92.3145,664,KEOKUK,IA 92,198.65,555854,Sigourney,5,54,58,90,0,0
2019-08-04T00:36:12.836069Z,2019-08-04T00:36:12.836071Z,62,1,5120401,512040,40,IA 92 WB,T76N,36,R13W,Sigourney,RSGI4,41.336333,-92.3145,664,KEOKUK,IA 92,198.65,555854,Sigourney,5,54,60,270,1,1
2019-08-04T00:36:12.836080Z,2019-08-04T00:36:12.836082Z,63,0,5120410,512041,41,US 20 WB Driving Lane,T89N,31,R44W,Moville,RSCI4,42.4822,-96.0787,1149,WOODBURY,US 20,,553603,Sioux City Leeds,3,97,9999,270,0,0
2019-08-04T00:36:12.836092Z,2019-08-04T00:36:12.836094Z,64,0,5120411,512041,41,US 20 WB Passing Lane,T89N,31,R44W,Moville,RSCI4,42.4822,-96.0787,1149,WOODBURY,US 20,,553603,Sioux City Leeds,3,97,9999,270,1,1
2019-08-04T00:36:12.836104Z,2019-08-04T00:36:12.836106Z,65,0,5120412,512041,41,US 20 EB Passing Lane,T89N,31,R44W,Moville,RSCI4,42.4822,-96.0787,1149,WOODBURY,US 20,72.0,553603,Sioux City Leeds,3,97,9999,90,2,2
2019-08-04T00:36:12.836115Z,2019-08-04T00:36:12.836117Z,66,0,5120413,512041,41,US 20 EB Driving Lane,T89N,31,R44W,Moville,RSCI4,42.4822,-96.0787,1149,WOODBURY,US 20,72.0,553603,Sioux City Leeds,3,97,9999,90,3,3
2019-08-04T00:36:12.836127Z,2019-08-04T00:36:12.836129Z,67,1,5120420,512042,42,US 18 EB,T96N,22,R36W,Spencer,RSPI4,43.126833000000005,-95.0888,1484,CLAY,US 18,84.5,553812,Spencer,3,21,58,90,0,0
2019-08-04T00:36:12.836138Z,2019-08-04T00:36:12.836140Z,68,1,5120421,512042,42,US 18 WB,T96N,22,R36W,Spencer,RSPI4,43.126833000000005,-95.0888,1484,CLAY,US 18,84.5,553812,Spencer,3,21,55,270,1,1
2019-08-04T00:36:12.836150Z,2019-08-04T00:36:12.836152Z,69,1,5120430,512043,43,IA 71 SB,T92N,36,R37W,Storm Lake,RSLI4,42.7475,-95.1515,1329,BUENA VISTA,US 71,172.4,553805,Storm Lake,3,11,42,180,0,0
2019-08-04T00:36:12.836161Z,2019-08-04T00:36:12.836163Z,70,1,5120431,512043,43,IA 71 NB,T92N,36,R37W,Storm Lake,RSLI4,42.7475,-95.1515,1329,BUENA VISTA,US 71,172.4,553805,Storm Lake,3,11,35,0,1,1
2019-08-04T00:36:12.836173Z,2019-08-04T00:36:12.836175Z,71,1,5120440,512044,44,I-80 EB Driving Lane,T79N,18,R02W,Tipton,RTPI4,41.6448,-91.1272,664,CEDAR,I-80,266.2,556802,Tipton,6,16,69,90,0,0
2019-08-04T00:36:12.836184Z,2019-08-04T00:36:12.836186Z,72,1,5120441,512044,44,I-80 EB Passing Lane,T79N,18,R02W,Tipton,RTPI4,41.6448,-91.1272,664,CEDAR,I-80,266.2,556802,Tipton,6,16,75,90,1,1
2019-08-04T00:36:12.836195Z,2019-08-04T00:36:12.836198Z,73,1,5120442,512044,44,I-80 WB Passing Lane,T79N,18,R02W,Tipton,RTPI4,41.6448,-91.1272,664,CEDAR,I-80,266.2,556802,Tipton,6,16,78,270,2,2
2019-08-04T00:36:12.836208Z,2019-08-04T00:36:12.836210Z,74,1,5120443,512044,44,I-80 WB Driving Lane,T79N,18,R02W,Tipton,RTPI4,41.6448,-91.1272,664,CEDAR,I-80,266.2,556802,Tipton,6,16,71,270,3,3
2019-08-04T00:36:12.836219Z,2019-08-04T00:36:12.836221Z,75,1,5120460,512046,46,US 20 WB Driving Lane,T88N,12,R13W,Waterloo,RWLI4,42.455667,-92.309,882,BLACK HAWK,US 20,71.3,552807,Waterloo,2,7,7,270,0,0
2019-08-04T00:36:12.836231Z,2019-08-04T00:36:12.836233Z,76,1,5120461,512046,46,US 20 WB Passing Lane,T88N,12,R13W,Waterloo,RWLI4,42.455667,-92.309,882,BLACK HAWK,US 20,71.3,552807,Waterloo,2,7,11,270,1,1
2019-08-04T00:36:12.836243Z,2019-08-04T00:36:12.836245Z,77,1,5120462,512046,46,US 20 EB Passing Lane,T88N,12,R13W,Waterloo,RWLI4,42.455667,-92.309,882,BLACK HAWK,US 20,71.3,552807,Waterloo,2,7,57,90,2,2
2019-08-04T00:36:12.836254Z,2019-08-04T00:36:12.836256Z,78,1,5120463,512046,46,US 20 EB Driving Lane,T88N,12,R13W,Waterloo,RWLI4,42.455667,-92.309,882,BLACK HAWK,US 20,71.3,552807,Waterloo,2,7,63,90,3,3
2019-08-04T00:36:12.836266Z,2019-08-04T00:36:12.836268Z,79,1,5120470,512047,47,I-35 SB Driving Lane,T90N,23,R23W,Williams,RWII4,42.5875,-93.5315,1067,HAMILTON,I-35,153.0,551609,Williams,2,40,74,180,0,0
2019-08-04T00:36:12.836277Z,2019-08-04T00:36:12.836279Z,80,1,5120472,512047,47,I-35 NB Passing Lane,T90N,23,R23W,Williams,RWII4,42.5875,-93.5315,1067,HAMILTON,I-35,153.0,551609,Williams,2,40,78,0,2,2
2019-08-04T00:36:12.836288Z,2019-08-04T00:36:12.836291Z,81,1,5120473,512047,47,I-35 NB Driving Lane,T90N,23,R23W,Williams,RWII4,42.5875,-93.5315,1067,HAMILTON,I-35,153.0,551609,Williams,2,40,71,0,3,3
2019-08-04T00:36:12.836300Z,2019-08-04T00:36:12.836302Z,82,1,5120480,512048,48,I-80 WB Driving Lane,T80N,33,R10W,Williamsburg,RWBI4,41.687667,-92.0087,854,IOWA,I-80,219.9,556606,Williamsburg,6,48,65,270,0,0
2019-08-04T00:36:12.836311Z,2019-08-04T00:36:12.836314Z,83,1,5120481,512048,48,I-80 WB Passing Lane,T80N,33,R10W,Williamsburg,RWBI4,41.687667,-92.0087,854,IOWA,I-80,219.9,556606,Williamsburg,6,48,75,270,1,1
2019-08-04T00:36:12.836323Z,2019-08-04T00:36:12.836325Z,84,1,5120482,512048,48,I-80 EB Passing Lane,T80N,33,R10W,Williamsburg,RWBI4,41.687667,-92.0087,854,IOWA,I-80,219.9,556606,Williamsburg,6,48,66,90,2,2
2019-08-04T00:36:12.836334Z,2019-08-04T00:36:12.836337Z,85,1,5120483,512048,48,I-80 EB Driving Lane,T80N,33,R10W,Williamsburg,RWBI4,41.687667,-92.0087,854,IOWA,I-80,219.9,556606,Williamsburg,6,48,71,90,3,3
2019-08-04T00:36:12.836346Z,2019-08-04T00:36:12.836348Z,86,1,5120082,512008,8,US 30 EB Passing Lane,T84N,14,R35W,Carroll,RCAI4,42.0785,-94.8975,1275,CARROLL,US 30,80.0,553613,Carroll,3,14,9999,90,2,2
2019-08-04T00:36:12.836357Z,2019-08-04T00:36:12.836360Z,87,1,5120083,512008,8,US 30 EB Driving Lane, ,14,R35W,Carroll,RCAI4,42.0785,-94.8975,1275,CARROLL,US 30,80.0,553613,Carroll,3,14,50,90,3,3
2019-08-04T00:36:12.836369Z,2019-08-04T00:36:12.836371Z,88,1,5120090,512009,9,I-380 NB Ramp,T83N,21,R07W,Cedar Rapids I-380,RCDI4,41.978,-91.6745,773,LINN,I-380,19.95,556608,Cedar Rapids,6,57,42,0,0,0
2019-08-04T00:36:12.836381Z,2019-08-04T00:36:12.836383Z,89,1,5120091,512009,9,I-380 NB Driving Lane,T83N,21,R07W,Cedar Rapids I-380,RCDI4,41.978,-91.6745,773,LINN,I-380,19.95,556608,Cedar Rapids,6,57,50,0,1,1
2019-08-04T00:36:12.836392Z,2019-08-04T00:36:12.836395Z,90,1,5120092,512009,9,I-380 NB Center Lane,T83N,21,R07W,Cedar Rapids I-380,RCDI4,41.978,-91.6745,773,LINN,I-380,19.95,556608,Cedar Rapids,6,57,51,0,2,2
2019-08-04T00:36:12.836404Z,2019-08-04T00:36:12.836406Z,91,1,5120093,512009,9,I-380 NB Passing Lane,T83N,21,R07W,Cedar Rapids I-380,RCDI4,41.978,-91.6745,773,LINN,I-380,19.95,556608,Cedar Rapids,6,57,53,0,3,3
2019-08-04T00:36:12.836416Z,2019-08-04T00:36:12.836418Z,92,1,5120094,512009,9,I-380 SB Passing Lane,T83N,21,R07W,Cedar Rapids I-380,RCDI4,41.978,-91.6745,773,LINN,I-380,19.95,556608,Cedar Rapids,6,57,48,180,4,4
2019-08-04T00:36:12.836427Z,2019-08-04T00:36:12.836430Z,93,1,5120096,512009,9,I-380 SB Driving Lane,T83N,21,R07W,Cedar Rapids I-380,RCDI4,41.978,-91.6745,773,LINN,I-380,19.95,556608,Cedar Rapids,6,57,46,180,6,6
2019-08-04T00:36:12.836439Z,2019-08-04T00:36:12.836441Z,94,1,5120097,512009,9,I-380 SB Ramp,T83N,21,R07W,Cedar Rapids I-380,RCDI4,41.978,-91.6745,773,LINN,I-380,19.95,556608,Cedar Rapids,6,57,45,180,7,7
2019-08-04T00:36:12.836451Z,2019-08-04T00:36:12.836453Z,95,1,5120100,512010,10,US 30 EB Driving Lane,T82N,8,R07W,Cedar Rapids US 30,RCII4,41.93,-91.6838,807,LINN,US 30,252.0,556608,Cedar Rapids,6,57,73,90,0,0
2019-08-04T00:36:12.836462Z,2019-08-04T00:36:12.836464Z,96,1,5120101,512010,10,US 30 EB Passing Lane,T82N,8,R07W,Cedar Rapids US 30,RCII4,41.93,-91.6838,807,LINN,US 30,252.0,556608,Cedar Rapids,6,57,65,90,1,1
2019-08-04T00:36:12.836474Z,2019-08-04T00:36:12.836476Z,97,1,5120102,512010,10,US 30 WB Passing Lane,T82N,8,R07W,Cedar Rapids US 30,RCII4,41.93,-91.6838,807,LINN,US 30,252.0,556608,Cedar Rapids,6,57,65,270,2,2
2019-08-04T00:36:12.836485Z,2019-08-04T00:36:12.836487Z,98,1,5120103,512010,10,US 30 WB Driving Lane,T82N,8,R07W,Cedar Rapids US 30,RCII4,41.93,-91.6838,807,LINN,US 30,252.0,556608,Cedar Rapids,6,57,65,270,3,3
2019-08-04T00:36:12.836497Z,2019-08-04T00:36:12.836499Z,99,1,5120110,512011,11,IA 2 WB,T69N,26,R19W,Centerville,RCNI4,40.739667,-93.0027,968,APPANOOSE,IA 2,164.3,555604,Centerville,5,4,58,270,0,0
2019-08-04T00:36:12.836509Z,2019-08-04T00:36:12.836511Z,100,1,5120111,512011,11,IA 2 EB,T69N,26,R19W,Centerville,RCNI4,40.739667,-93.0027,968,APPANOOSE,IA 2,164.3,555604,Centerville,5,4,53,90,1,1
2019-08-04T00:36:12.836520Z,2019-08-04T00:36:12.836522Z,101,1,5120130,512013,13,US 34 EB,T72N,9,R30W,Creston,RCEI4,41.049833,-94.30799999999999,1274,UNION,US 34,87.0,554607,Creston,4,88,62,90,0,0
2019-08-04T00:36:12.836531Z,2019-08-04T00:36:12.836534Z,102,1,5120131,512013,13,US 34 WB,T72N,9,R30W,Creston,RCEI4,41.049833,-94.30799999999999,1274,UNION,US 34,87.0,554607,Creston,4,88,58,270,1,1
2019-08-04T00:36:12.836543Z,2019-08-04T00:36:12.836545Z,103,1,5120140,512014,14,I-80 EB Driving Lane,T79N,36,R02E,Davenport,RDVI4,41.602333,-90.6777,676,SCOTT,I-80,289.9,556812,Davenport,6,82,70,90,0,0
2019-08-04T00:36:12.836554Z,2019-08-04T00:36:12.836556Z,104,1,5120141,512014,14,I-80 EB Passing Lane,T79N,36,R02E,Davenport,RDVI4,41.602333,-90.6777,676,SCOTT,I-80,289.9,556812,Davenport,6,82,78,90,1,1
2019-08-04T00:36:12.836566Z,2019-08-04T00:36:12.836568Z,105,1,5120150,512015,15,IA 9 WB,T97N,5,R07W,Decorah,RDCI4,43.2455,-91.6997,1017,WINNESHIEK,IA 9,265.2,552896,Decorah,2,96,62,270,0,0
2019-08-04T00:36:12.836577Z,2019-08-04T00:36:12.836579Z,106,1,5120151,512015,15,IA 9 EB,T97N,5,R07W,Decorah,RDCI4,43.2455,-91.6997,1017,WINNESHIEK,IA 9,265.2,552896,Decorah,2,96,55,90,1,1
2019-08-04T00:36:12.836589Z,2019-08-04T00:36:12.836591Z,107,1,5120190,512019,19,US 61 SB Ramp,T81N,14,R03E,De Witt,RDWI4,41.826167,-90.5705,789,CLINTON,US 61,139.75,556804,De Witt,6,23,39,180,0,0
2019-08-04T00:36:12.836601Z,2019-08-04T00:36:12.836603Z,108,1,5120191,512019,19,US 61 SB Driving Lane,T81N,14,R03E,De Witt,RDWI4,41.826167,-90.5705,789,CLINTON,US 61,139.75,556804,De Witt,6,23,61,180,1,1
2019-08-04T00:36:12.836612Z,2019-08-04T00:36:12.836614Z,109,1,5120192,512019,19,US 61 SB Passing Lane,T81N,14,R03E,De Witt,RDWI4,41.826167,-90.5705,789,CLINTON,US 61,139.75,556804,De Witt,6,23,76,180,2,2
2019-08-04T00:36:12.836624Z,2019-08-04T00:36:12.836626Z,110,1,5120193,512019,19,US 61 NB Passing Lane,T81N,14,R03E,De Witt,RDWI4,41.826167,-90.5705,789,CLINTON,US 61,139.75,556804,De Witt,6,23,75,0,3,3
2019-08-04T00:36:12.836635Z,2019-08-04T00:36:12.836637Z,111,1,5120194,512019,19,US 61 NB Driving Lane,T81N,14,R03E,De Witt,RDWI4,41.826167,-90.5705,789,CLINTON,US 61,139.75,556804,De Witt,6,23,63,0,4,4
2019-08-04T00:36:12.836647Z,2019-08-04T00:36:12.836649Z,112,1,5120524,512052,52,US 151 EB Exit Ramp,T84N,24,R05W,Anamosa,RCRI4,42.071186,-91.335695,939,JONES,IA 1,266.2,556810,Anamosa,6,53,50,90,4,4
2019-08-04T00:36:12.836658Z,2019-08-04T00:36:12.836660Z,113,1,5120493,512049,49,I-35 NB Driving Lane,T99N,17,R21W,Worth County/Hanlontown,RHAI4,43.392167,-93.3498,1093,WORTH,I-35,211.2,552698,Hanlontown,2,98,84,0,3,3
2019-08-04T00:36:12.836670Z,2019-08-04T00:36:12.836672Z,114,1,5120500,512050,50,US 20 WB Driving Lane,T88N,10,R19W,Steamboat Rock,RSBI4,42.4534,-93.0583,1111,HARDIN,US 20,,551608,Iowa Falls,1,42,76,270,0,0
2019-08-04T00:36:12.836681Z,2019-08-04T00:36:12.836683Z,115,1,5120501,512050,50,US 20 WB Passing Lane,T88N,10,R19W,Steamboat Rock,RSBI4,42.4534,-93.0583,1111,HARDIN,US 20,,551608,Iowa Falls,1,42,71,270,1,1
2019-08-04T00:36:12.836693Z,2019-08-04T00:36:12.836695Z,116,1,5120502,512050,50,US 20 EB Passing Lane,T88N,10,R19W,Steamboat Rock,RSBI4,42.4534,-93.0583,1111,HARDIN,US 20,,551608,Iowa Falls,1,42,78,90,2,2
2019-08-04T00:36:12.836704Z,2019-08-04T00:36:12.836706Z,117,1,5120503,512050,50,US 20 EB Driving Lane,T88N,10,R19W,Steamboat Rock,RSBI4,42.4534,-93.0583,1111,HARDIN,US 20,,551608,Iowa Falls,1,42,66,90,3,3
2019-08-04T00:36:12.836716Z,2019-08-04T00:36:12.836718Z,118,1,5120510,512051,51,US 59 WB,T87N,15,R40W,Ida Grove,RIGI4,42.3515,-95.4783,1215,IDA,US 59,172.4,553608,Ida Grove,3,47,62,270,0,0
2019-08-04T00:36:12.836727Z,2019-08-04T00:36:12.836730Z,119,1,5120511,512051,51,US 59 EB,T87N,15,R40W,Ida Grove,RIGI4,42.3515,-95.4783,1215,IDA,US 59,172.4,553608,Ida Grove,3,47,55,90,1,1
2019-08-04T00:36:12.836739Z,2019-08-04T00:36:12.836741Z,120,1,5120520,512052,52,US 151 WB Driving Lane,T84N,24,R05W,Anamosa,RCRI4,42.071186,-91.335695,939,JONES,IA 1,,556810,Anamosa,6,53,69,270,0,0
2019-08-04T00:36:12.836751Z,2019-08-04T00:36:12.836753Z,121,1,5120521,512052,52,US 151 WB Passing Lane,T84N,24,R05W,Anamosa,RCRI4,42.071186,-91.335695,939,JONES,IA 1,,556810,Anamosa,6,53,71,270,1,1
2019-08-04T00:36:12.836762Z,2019-08-04T00:36:12.836765Z,122,1,5120522,512052,52,US 151 EB Passing Lane,T84N,24,R05W,Anamosa,RCRI4,42.071186,-91.335695,939,JONES,IA 1,,556810,Anamosa,6,53,70,90,2,2
2019-08-04T00:36:12.836774Z,2019-08-04T00:36:12.836776Z,123,1,5120523,512052,52,US 151 EB Driving Lane,T84N,24,R05W,Anamosa,RCRI4,42.071186,-91.335695,939,JONES,IA 1,266.2,556810,Anamosa,6,53,71,90,3,3
2019-08-04T00:36:12.836785Z,2019-08-04T00:36:12.836788Z,124,1,5120530,512053,53,I-80 EB Driving Lane,T80N,35,R21W,Colfax,RCFI4,41.68899999999999,-93.2597,806,JASPER,I-80,154.5,551804,Newton,1,50,71,90,0,0
2019-08-04T00:36:12.836797Z,2019-08-04T00:36:12.836799Z,125,1,5120531,512053,53,I-80 EB Passing Lane,T80N,35,R21W,Colfax,RCFI4,41.68899999999999,-93.2597,806,JASPER,I-80,154.5,551804,Newton,1,50,78,90,1,1
2019-08-04T00:36:12.836808Z,2019-08-04T00:36:12.836811Z,126,1,5120532,512053,53,I-80 WB Passing Lane,T80N,35,R21W,Colfax,RCFI4,41.68899999999999,-93.2597,806,JASPER,I-80,154.5,551804,Newton,1,50,80,270,2,2
2019-08-04T00:36:12.836820Z,2019-08-04T00:36:12.836822Z,127,1,5120533,512053,53,I-80 WB Driving Lane,T80N,35,R21W,Colfax,RCFI4,41.68899999999999,-93.2597,806,JASPER,I-80,154.5,551804,Newton,1,50,71,270,3,3
2019-08-04T00:36:12.836832Z,2019-08-04T00:36:12.836834Z,128,1,5120550,512055,55,IA 2 WB,T68N,23,R34W,Bedford,RBFI4,40.6773,-94.7808,1100,TAYLOR,IA 2 ,71.3,554605,Clarinda,4,87,58,270,0,0
2019-08-04T00:36:12.836844Z,2019-08-04T00:36:12.836846Z,129,1,5120551,512055,55,IA 2 EB,T68N,23,R34W,Bedford,RBFI4,40.6773,-94.7808,1100,TAYLOR,IA 2 ,71.3,554605,Clarinda,4,87,60,90,1,1
2019-08-04T00:36:12.836856Z,2019-08-04T00:36:12.836858Z,130,1,5120570,512057,57,US 30 WB,T83N,25,R13W,Tama,RTMI4,41.9649,-92.2983,822,TAMA,US 30,153.0,551605,Tama,1,86,50,270,0,0
2019-08-04T00:36:12.836867Z,2019-08-04T00:36:12.836870Z,131,1,5120571,512057,57,US 30 EB,T83N,25,R13W,Tama,RTMI4,41.9649,-92.2983,822,TAMA,US 30,153.0,551605,Tama,1,86,30,90,1,1
2019-08-04T00:36:12.836879Z,2019-08-04T00:36:12.836881Z,132,1,5120572,512057,57,US 30 Right Turn,T83N,25,R13W,Tama,RTMI4,41.9649,-92.2983,822,TAMA,US 30,153.0,551605,Tama,1,86,22,9999,2,2
2019-08-04T00:36:12.836890Z,2019-08-04T00:36:12.836893Z,133,1,5120580,512058,58,US 218 SB Driving Lane,T93N,30,R14W,Plainfield,RPFI4,42.8332,-92.5371,965,BREMER,US 218,153.0,552809,Waverly,2,9,70,180,0,0
2019-08-04T00:36:12.836902Z,2019-08-04T00:36:12.836904Z,134,1,5120581,512058,58,US 218 SB Passing Lane,T93N,30,R14W,Plainfield,RPFI4,42.8332,-92.5371,965,BREMER,US 218,219.9,552809,Waverly,2,9,68,180,1,1
2019-08-04T00:36:12.836913Z,2019-08-04T00:36:12.836916Z,135,1,5120582,512058,58,US 218 NB Passing Lane,T93N,30,R14W,Plainfield,RPFI4,42.8332,-92.5371,965,BREMER,US 218,219.9,552809,Waverly,2,9,70,0,2,2
2019-08-04T00:36:12.836925Z,2019-08-04T00:36:12.836927Z,136,1,5120583,512058,58,US 218 NB Driving Lane,T93N,30,R14W,Plainfield,RPFI4,42.8332,-92.5371,965,BREMER,US 218,219.9,552809,Waverly,2,9,70,0,3,3
2019-08-04T00:36:12.836936Z,2019-08-04T00:36:12.836939Z,137,1,5120590,512059,59,IA 2 EB,T68N,30,R10W,Cantril,RCLI4,40.6578,-92.06200000000001,693,VAN BUREN,IA 2,219.9,555826,Bloomfield,5,89,53,90,0,0
2019-08-04T00:36:12.836948Z,2019-08-04T00:36:12.836950Z,138,1,5120591,512059,59,IA 2 WB,T68N,30,R10W,Cantril,RCLI4,40.6578,-92.06200000000001,693,VAN BUREN,IA 2,211.2,555826,Bloomfield,5,89,63,270,1,1
2019-08-04T00:36:12.836959Z,2019-08-04T00:36:12.836962Z,139,1,5120600,512060,60,US 59 SB,T82N,13,R39W,Denison,RDNI4,41.9157,-95.3439,1400,CRAWFORD,US 59,95.0,553612,Denison,3,24,0,180,0,0
2019-08-04T00:36:12.836971Z,2019-08-04T00:36:12.836973Z,140,1,5120601,512060,60,US 59 NB,T82N,13,R39W,Denison,RDNI4,41.9157,-95.3439,1400,CRAWFORD,US 59,95.0,553612,Denison,3,24,0,0,1,1
2019-08-04T00:36:12.836982Z,2019-08-04T00:36:12.836984Z,142,1,5120560,512056,56,IA 137 WB,T73N,12,R16W,Eddyville,RDYI4,41.1465,-92.6436,799,MONROE,IA 137,,555690,Ottumwa,5,68,55,90,0,0
2019-08-04T00:36:12.836994Z,2019-08-04T00:36:12.836996Z,143,1,5120561,512056,56,IA 137 EB,T73N,12,R16W,Eddyville,RDYI4,41.1465,-92.6436,799,MONROE,IA 137,,555690,Ottumwa,5,68,57,270,1,1
2019-08-04T00:36:12.837006Z,2019-08-04T00:36:12.837008Z,144,0,5120320,512032,32,US 218 NB Driving Lane,T70N,4,R06W,Mount Pleasant,RMPI4,40.895666999999996,-91.5555,436,HENRY,US 218,38.3,555844,Mount Pleasant,5,44,9999,0,0,0
2019-08-04T00:36:12.837017Z,2019-08-04T00:36:12.837019Z,145,0,5120321,512032,32,US 218 NB Passing Lane,T70N,4,R06W,Mount Pleasant,RMPI4,40.895666999999996,-91.5555,436,HENRY,US 218,38.3,555844,Mount Pleasant,5,44,9999,0,1,1
2019-08-04T00:36:12.837029Z,2019-08-04T00:36:12.837031Z,146,0,5120322,512032,32,US 218 SB Passing Lane,T70N,4,R06W,Mount Pleasant,RMPI4,40.895666999999996,-91.5555,436,HENRY,US 218,38.3,555844,Mount Pleasant,5,44,9999,180,2,2
2019-08-04T00:36:12.837040Z,2019-08-04T00:36:12.837042Z,147,0,5120323,512032,32,US 218 SB Driving Lane,T70N,4,R06W,Mount Pleasant,RMPI4,40.895666999999996,-91.5555,436,HENRY,US 218,38.3,555844,Mount Pleasant,5,44,9999,180,3,3
2019-08-04T00:36:12.837052Z,2019-08-04T00:36:12.837054Z,148,1,5120280,512028,28,US 61 SB Driving Lane,T84N,24,R02E,Maquoketa,RMQI4,42.0685,-90.6835,824,JACKSON,US 61,158.95,556808,Maquoketa,6,49,75,180,0,0
2019-08-04T00:36:12.837063Z,2019-08-04T00:36:12.837066Z,149,1,5120281,512028,28,US 61 SB Passing Lane,T84N,24,R02E,Maquoketa,RMQI4,42.0685,-90.6835,824,JACKSON,US 61,158.95,556808,Maquoketa,6,49,71,180,1,1
2019-08-04T00:36:12.837075Z,2019-08-04T00:36:12.837077Z,150,1,5120282,512028,28,US 61 NB Passing Lane,T84N,24,R02E,Maquoketa,RMQI4,42.0685,-90.6835,824,JACKSON,US 61,158.95,556808,Maquoketa,6,49,71,0,2,2
2019-08-04T00:36:12.837087Z,2019-08-04T00:36:12.837089Z,151,1,5120283,512028,28,US 61 NB Driving Lane,T84N,24,R02E,Maquoketa,RMQI4,42.0685,-90.6835,824,JACKSON,US 61,158.95,556808,Maquoketa,6,49,75,0,3,3
2019-08-04T00:36:12.837098Z,2019-08-04T00:36:12.837100Z,152,1,5120390,512039,39,I-29 SB Driving Lane,T68N,21,R43W,Sidney,RSDI4,40.6895,-95.7834,943,FREMONT,I-29,10.2,554808,Sidney,4,36,76,180,0,0
2019-08-04T00:36:12.837110Z,2019-08-04T00:36:12.837112Z,153,1,5120391,512039,39,I-29 SB Passing Lane,T68N,21,R43W,Sidney,RSDI4,40.6895,-95.7834,943,FREMONT,I-29,10.2,554808,Sidney,4,36,84,180,1,1
2019-08-04T00:36:12.837121Z,2019-08-04T00:36:12.837123Z,154,1,5120392,512039,39,I-29 NB Driving Lane,T68N,21,R43W,Sidney,RSDI4,40.6895,-95.7834,943,FREMONT,I-29,10.2,554808,Sidney,4,36,78,0,2,2
2019-08-04T00:36:12.837133Z,2019-08-04T00:36:12.837135Z,156,1,5120630,512063,63,US 20 WB Driving Lane,T88N,10,R33W,Rockwell City,RRWI4,42.4501,-94.67,1286,CALHOUN,US 20,,553606,Rockwell City,3,13,73,270,0,0
2019-08-04T00:36:12.837144Z,2019-08-04T00:36:12.837146Z,157,1,5120631,512063,63,US 20 WB Passing Lane,T88N,10,R33W,Rockwell City,RRWI4,42.4501,-94.67,1286,CALHOUN,US 20,,553606,Rockwell City,3,13,81,270,1,1
2019-08-04T00:36:12.837156Z,2019-08-04T00:36:12.837158Z,158,1,5120632,512063,63,US 20 EB Passing Lane,T88N,10,R33W,Rockwell City,RRWI4,42.4501,-94.67,1286,CALHOUN,US 20,,553606,Rockwell City,3,13,71,90,2,2
2019-08-04T00:36:12.837167Z,2019-08-04T00:36:12.837169Z,159,1,5120633,512063,63,US 20 WB Passing Lane,T88N,10,R33W,Rockwell City,RRWI4,42.4501,-94.67,1286,CALHOUN,US 20,,553606,Rockwell City,3,13,70,90,3,3
