Data Last Pulled from RWIS Sensor (UTC),REST Service Last Updated (UTC),OBJECTID,Sensor Status (1=Active 0=Inactive),Unique ID,RWIS Site Number,RWIS RPU ID,Sensor Name,PLSS Township,PLSS Section,PLSS Range,RWIS Name,NWS ID,Latitude,Longitude,Altitude,County Name,Route Name,Mile Post,Cost Center,Garage Name,DOT District,County Number,Normal Volume,Long Volume,Average Headway,Lane ID,UTC Offset
2019-08-05T21:49:37.131817Z,2019-08-05T21:49:37.131835Z,1,1,5120200,512020,20,US 20 EB Driving Lane,T89N,28,R02E,Dubuque,RDBI4,42.490333,-90.73100000000001,819,DUBUQUE,US 20,316.25,556806,Dubuque,6,31,19,1,90,0,0
2019-08-05T21:49:37.131847Z,2019-08-05T21:49:37.131850Z,2,1,5120201,512020,20,US 20 EB Passing Lane,T89N,28,R02E,Dubuque,RDBI4,42.490333,-90.73100000000001,819,DUBUQUE,US 20,316.25,556806,Dubuque,6,31,22,0,90,1,1
2019-08-05T21:49:37.131860Z,2019-08-05T21:49:37.131862Z,3,1,5120202,512020,20,US 20 WB Exit Left 1,T89N,28,R02E,Dubuque,RDBI4,42.490333,-90.73100000000001,819,DUBUQUE,US 20,316.25,556806,Dubuque,6,31,2,1,270,2,2
2019-08-05T21:49:37.131873Z,2019-08-05T21:49:37.131875Z,4,1,5120203,512020,20,US 20 WB Exit Left 2,T89N,28,R02E,Dubuque,RDBI4,42.490333,-90.73100000000001,819,DUBUQUE,US 20,316.25,556806,Dubuque,6,31,5,4,270,3,3
2019-08-05T21:49:37.131885Z,2019-08-05T21:49:37.131887Z,5,1,5120204,512020,20,US 20 WB Passing Lane,T89N,28,R02E,Dubuque,RDBI4,42.490333,-90.73100000000001,819,DUBUQUE,US 20,316.25,556806,Dubuque,6,31,15,5,270,4,4
2019-08-05T21:49:37.131897Z,2019-08-05T21:49:37.131899Z,6,1,5120205,512020,20,US 20 WB Driving Lane,T89N,28,R02E,Dubuque,RDBI4,42.490333,-90.73100000000001,819,DUBUQUE,US 20,316.25,556806,Dubuque,6,31,21,11,270,5,5
2019-08-05T21:49:37.131909Z,2019-08-05T21:49:37.131911Z,7,1,5120250,512025,25,IA 4 SB,T84N,30,R30W,Jefferson,RJFI4,42.051833,-94.3783,1016,GREENE,IA 4,25.1,551613,Jefferson,1,37,2,1,180,0,0
2019-08-05T21:49:37.131921Z,2019-08-05T21:49:37.131923Z,8,1,5120251,512025,25,IA 4 NB,T84N,30,R30W,Jefferson,RJFI4,42.051833,-94.3783,1016,GREENE,IA 4,25.1,551613,Jefferson,1,37,2,0,0,1,1
2019-08-05T21:49:37.131933Z,2019-08-05T21:49:37.131935Z,9,1,5120270,512027,27,US 20 WB Driving Lane,T89N,33,R05W,Manchester,RMNI4,42.471000000000004,-91.4473,1013,DELAWARE,US 20,276.95,556605,Manchester,6,28,6,4,270,0,0
2019-08-05T21:49:37.131945Z,2019-08-05T21:49:37.131947Z,10,1,5120271,512027,27,US 20 WB Passing Lane,T89N,33,R05W,Manchester,RMNI4,42.471000000000004,-91.4473,1013,DELAWARE,US 20,276.95,556605,Manchester,6,28,1,0,270,1,1
2019-08-05T21:49:37.131957Z,2019-08-05T21:49:37.131959Z,11,1,5120272,512027,27,US 20 EB Passing Lane,T89N,33,R05W,Manchester,RMNI4,42.471000000000004,-91.4473,1013,DELAWARE,US 20,276.95,556605,Manchester,6,28,0,0,90,2,2
2019-08-05T21:49:37.131969Z,2019-08-05T21:49:37.131971Z,12,1,5120273,512027,27,US 20 EB Driving Lane,T89N,33,R05W,Manchester,RMNI4,42.471000000000004,-91.4473,1013,DELAWARE,US 20,276.95,556605,Manchester,6,28,10,3,90,3,3
2019-08-05T21:49:37.131982Z,2019-08-05T21:49:37.131984Z,13,1,5120300,512030,30,I-35 NB Drive Lane,T95N,20,R21W,Mason City,RMCI4,43.038000000000004,-93.3418,1235,CERRO GORDO,I-35,186.6,552617,Mason City,2,17,41,9,0,0,0
2019-08-05T21:49:37.131995Z,2019-08-05T21:49:37.131997Z,14,1,5120301,512030,30,I-35 NB Passing Lane,T95N,20,R21W,Mason City,RMCI4,43.038000000000004,-93.3418,1235,CERRO GORDO,I-35,186.6,552617,Mason City,2,17,20,4,0,1,1
2019-08-05T21:49:37.132008Z,2019-08-05T21:49:37.132010Z,15,1,5120302,512030,30,I-35 SB Passing Lane,T95N,20,R21W,Mason City,RMCI4,43.038000000000004,-93.3418,1235,CERRO GORDO,I-35,186.6,552617,Mason City,2,17,22,4,180,2,2
2019-08-05T21:49:37.132020Z,2019-08-05T21:49:37.132022Z,16,1,5120303,512030,30,I-35 SB Drive Lane,T95N,20,R21W,Mason City,RMCI4,43.038000000000004,-93.3418,1235,CERRO GORDO,I-35,186.6,552617,Mason City,2,17,45,15,180,3,3
2019-08-05T21:49:37.132032Z,2019-08-05T21:49:37.132034Z,17,1,5120095,512009,9,I-380 SB Center Lane,T83N,21,R07W,Cedar Rapids I-380,RCDI4,41.978,-91.6745,773,LINN,I-380,19.95,556608,Cedar Rapids,6,57,40,10,180,5,5
2019-08-05T21:49:37.132045Z,2019-08-05T21:49:37.132047Z,18,1,5120471,512047,47,I-35 SB Passing Lane,T90N,23,R23W,Williams,RWII4,42.5875,-93.5315,1067,HAMILTON,I-35,153.0,551609,Williams,2,40,9,0,180,1,1
2019-08-05T21:49:37.132057Z,2019-08-05T21:49:37.132059Z,19,1,5120492,512049,49,I-35 NB Passing Lane,T99N,17,R21W,Worth County/Hanlontown,RHAI4,43.392167,-93.3498,1093,WORTH,I-35,211.2,552698,Hanlontown,2,98,0,0,0,2,2
2019-08-05T21:49:37.132069Z,2019-08-05T21:49:37.132071Z,20,0,5120000,512000,0,I-80 EB Driving Lane,T77N,2,R34W,Adair,RDAI4,41.496333,-94.7263,1475,CASS,I-80,72.0,554602,Adair,4,15,9999,9999,90,0,0
2019-08-05T21:49:37.132080Z,2019-08-05T21:49:37.132082Z,21,1,5120490,512049,49,I-35 SB Driving Lane,T99N,17,R21W,Worth County/Hanlontown,RHAI4,43.392167,-93.3498,1093,WORTH,I-35,211.2,552698,Hanlontown,2,98,0,0,180,0,0
2019-08-05T21:49:37.132092Z,2019-08-05T21:49:37.132094Z,22,1,5120491,512049,49,I-35 SB Passing Lane,T99N,17,R21W,Worth County/Hanlontown,RHAI4,43.392167,-93.3498,1093,WORTH,I-35,211.2,552698,Hanlontown,2,98,0,0,180,1,1
2019-08-05T21:49:37.132104Z,2019-08-05T21:49:37.132106Z,23,0,5120001,512000,0,I-80 EB Passing Lane,T77N,2,R34W,Adair,RDAI4,41.496333,-94.7263,1475,CASS,I-80,72.0,554602,Adair,4,15,9999,9999,90,1,1
2019-08-05T21:49:37.132116Z,2019-08-05T21:49:37.132118Z,24,0,5120002,512000,0,I-80 WB Passing Lane,T77N,2,R34W,Adair,RDAI4,41.496333,-94.7263,1475,CASS,I-80,72.0,554602,Adair,4,15,9999,9999,270,2,2
2019-08-05T21:49:37.132128Z,2019-08-05T21:49:37.132130Z,25,0,5120003,512000,0,I-80 WB Driving Lane,T77N,2,R34W,Adair,RDAI4,41.496333,-94.7263,1475,CASS,I-80,72.0,554602,Adair,4,15,9999,9999,270,3,3
2019-08-05T21:49:37.132140Z,2019-08-05T21:49:37.132142Z,26,0,5120010,512001,1,IA 18 EB,T95N,4,R30W,Algona,RALI4,43.083,-94.3985,1106,KOSSUTH,US 18,121.8,552655,Algona,2,55,9999,9999,90,0,0
2019-08-05T21:49:37.132152Z,2019-08-05T21:49:37.132154Z,27,0,5120011,512001,1,IA 18 WB,T95N,4,R30W,Algona,RALI4,43.083,-94.3985,1106,KOSSUTH,US 18,121.8,552655,Algona,2,55,9999,9999,270,1,1
2019-08-05T21:49:37.132164Z,2019-08-05T21:49:37.132166Z,28,1,5120020,512002,2,IA 10 WB,T95N,31,R44W,Alton,RTNI4,42.997833,-96.0843,1410,SIOUX,IA 10,24.3,553808,Alton,3,84,8,0,270,0,0
2019-08-05T21:49:37.132176Z,2019-08-05T21:49:37.132178Z,29,1,5120021,512002,2,IA 10 EB,T95N,31,R44W,Alton,RTNI4,42.997833,-96.0843,1410,SIOUX,IA 10,24.3,553808,Alton,3,84,4,1,90,1,1
2019-08-05T21:49:37.132188Z,2019-08-05T21:49:37.132190Z,30,0,5120040,512004,4,I-35 NB Drive Lane,T83N,6,R23W,Ames,RAMI4,42.034,-93.5702,1027,STORY,I-35,113.55,551602,Ames,1,85,9999,9999,0,0,0
2019-08-05T21:49:37.132200Z,2019-08-05T21:49:37.132202Z,31,0,5120041,512004,4,I-35 NB Pass Lane,T83N,6,R23W,Ames,RAMI4,42.034,-93.5702,1027,STORY,I-35,113.55,551602,Ames,1,85,9999,9999,0,1,1
2019-08-05T21:49:37.132212Z,2019-08-05T21:49:37.132214Z,32,0,5120042,512004,4,I-35 SB Pass Lane,T83N,6,R23W,Ames,RAMI4,42.034,-93.5702,1027,STORY,I-35,113.55,551602,Ames,1,85,9999,9999,180,2,2
2019-08-05T21:49:37.132224Z,2019-08-05T21:49:37.132226Z,33,0,5120043,512004,4,I-35 SB Drive Lane,T83N,6,R23W,Ames,RAMI4,42.034,-93.5702,1027,STORY,I-35,113.55,551602,Ames,1,85,9999,9999,180,3,3
2019-08-05T21:49:37.132236Z,2019-08-05T21:49:37.132238Z,34,1,5120060,512006,6,I-80 EB Driving Lane,T77N,2,R39W,Avoca,RAVI4,41.498166999999995,-95.2915,1238,POTTAWATTAMIE,I-80,42.6,554802,Avoca,4,78,16,5,90,0,0
2019-08-05T21:49:37.132248Z,2019-08-05T21:49:37.132250Z,35,1,5120061,512006,6,I-80 EB Passing Lane,T77N,2,R39W,Avoca,RAVI4,41.498166999999995,-95.2915,1238,POTTAWATTAMIE,I-80,42.6,554802,Avoca,4,78,6,1,90,1,1
2019-08-05T21:49:37.132260Z,2019-08-05T21:49:37.132262Z,36,1,5120062,512006,6,I-80 WB Passing Lane,T77N,2,R39W,Avoca,RAVI4,41.498166999999995,-95.2915,1238,POTTAWATTAMIE,I-80,42.6,554802,Avoca,4,78,14,4,270,2,2
2019-08-05T21:49:37.132272Z,2019-08-05T21:49:37.132274Z,37,1,5120063,512006,6,I-80 WB Driving Lane,T77N,2,R39W,Avoca,RAVI4,41.498166999999995,-95.2915,1238,POTTAWATTAMIE,I-80,42.6,554802,Avoca,4,78,18,11,270,3,3
2019-08-05T21:49:37.132284Z,2019-08-05T21:49:37.132286Z,38,1,5120070,512007,7,US 34 WB Driving Lane,T70N,33,R02W,Burlington,RBUI4,40.813,-91.0992,715,DES MOINES,US 34,263.5,555829,Burlington,5,29,4,3,270,0,0
2019-08-05T21:49:37.132296Z,2019-08-05T21:49:37.132298Z,39,1,5120071,512007,7,US 34 WB Passing Lane,T70N,33,R02W,Burlington,RBUI4,40.813,-91.0992,715,DES MOINES,US 34,263.5,555829,Burlington,5,29,6,2,270,1,1
2019-08-05T21:49:37.132308Z,2019-08-05T21:49:37.132310Z,40,1,5120072,512007,7,US 34 EB Passing Lane,T70N,33,R02W,Burlington,RBUI4,40.813,-91.0992,715,DES MOINES,US 34,263.5,555829,Burlington,5,29,17,8,90,2,2
2019-08-05T21:49:37.132320Z,2019-08-05T21:49:37.132322Z,41,1,5120073,512007,7,US 34 EB Driving Lane,T70N,33,R02W,Burlington,RBUI4,40.813,-91.0992,715,DES MOINES,US 34,263.5,555829,Burlington,5,29,3,0,90,3,3
2019-08-05T21:49:37.132332Z,2019-08-05T21:49:37.132334Z,42,1,5120080,512008,8,US 30 WB Driving Lane,T84N,14,R35W,Carroll,RCAI4,42.0785,-94.8975,1275,CARROLL,US 30,80.0,553613,Carroll,3,14,2,1,270,0,0
2019-08-05T21:49:37.132344Z,2019-08-05T21:49:37.132346Z,43,1,5120081,512008,8,US 30 WB Passing Lane,T84N,14,R35W,Carroll,RCAI4,42.0785,-94.8975,1275,CARROLL,US 30,80.0,553613,Carroll,3,14,10,1,270,1,1
2019-08-05T21:49:37.132356Z,2019-08-05T21:49:37.132358Z,44,1,5120310,512031,31,I-29 NB,T78N,20,R44W,Missouri Valley,RMVI4,41.5495,-95.9173,1015,HARRISON,I-29,75.7,554810,Missouri Valley,4,43,5,1,0,0,0
2019-08-05T21:49:37.132367Z,2019-08-05T21:49:37.132370Z,45,1,5120311,512031,31,I-29 SB Passing Lane,T78N,20,R44W,Missouri Valley,RMVI4,41.5495,-95.9173,1015,HARRISON,I-29,75.7,554810,Missouri Valley,4,43,12,6,180,1,1
2019-08-05T21:49:37.132379Z,2019-08-05T21:49:37.132381Z,46,1,5120330,512033,33,US 18 WB,T95N,2,R14W,New Hampton,RNHI4,43.067167,-92.4592,1072,CHICKASAW,US 18,223.95,552819,New Hampton,2,19,2,0,270,0,0
2019-08-05T21:49:37.132391Z,2019-08-05T21:49:37.132393Z,47,1,5120331,512033,33,US 18 EB,T95N,2,R14W,New Hampton,RNHI4,43.067167,-92.4592,1072,CHICKASAW,US 18,223.95,552819,New Hampton,2,19,3,2,90,1,1
2019-08-05T21:49:37.132403Z,2019-08-05T21:49:37.132405Z,48,1,5120350,512035,35,I-35 NB Ramp,T72N,24,R26W,Osceola,ROSI4,41.0267,-93.7943,1115,CLARKE,US 34,114.3,555620,Osceola,5,20,2,0,0,0,0
2019-08-05T21:49:37.132415Z,2019-08-05T21:49:37.132417Z,49,1,5120351,512035,35,I-35 NB Driving Lane,T72N,24,R26W,Osceola,ROSI4,41.0267,-93.7943,1115,CLARKE,US 34,114.3,555620,Osceola,5,20,11,4,0,1,1
2019-08-05T21:49:37.132427Z,2019-08-05T21:49:37.132429Z,50,1,5120352,512035,35,I-35 NB Passing Lane,T72N,24,R26W,Osceola,ROSI4,41.0267,-93.7943,1115,CLARKE,US 34,114.3,555620,Osceola,5,20,5,0,0,2,2
2019-08-05T21:49:37.132439Z,2019-08-05T21:49:37.132441Z,51,1,5120353,512035,35,I-35 SB Passing Lane,T72N,24,R26W,Osceola,ROSI4,41.0267,-93.7943,1115,CLARKE,US 34,114.3,555620,Osceola,5,20,2,1,180,3,3
2019-08-05T21:49:37.132451Z,2019-08-05T21:49:37.132453Z,52,1,5120354,512035,35,I-35 SB Driving Lane,T72N,24,R26W,Osceola,ROSI4,41.0267,-93.7943,1115,CLARKE,US 34,114.3,555620,Osceola,5,20,10,3,180,4,4
2019-08-05T21:49:37.132463Z,2019-08-05T21:49:37.132466Z,53,1,5120360,512036,36,US 63 NB Driving Lane,T72N,24,R14W,Ottumwa,ROTI4,41.016833,-92.4212,642,WAPELLO,US 63,35.6,555690,Ottumwa,5,90,18,1,0,0,0
2019-08-05T21:49:37.132476Z,2019-08-05T21:49:37.132478Z,54,1,5120361,512036,36,US 63 NB Passing Lane,T72N,24,R14W,Ottumwa,ROTI4,41.016833,-92.4212,642,WAPELLO,US 63,35.6,555690,Ottumwa,5,90,11,1,0,1,1
2019-08-05T21:49:37.132487Z,2019-08-05T21:49:37.132489Z,55,1,5120362,512036,36,US 63 SB Drving Lane,T72N,24,R14W,Ottumwa,ROTI4,41.016833,-92.4212,642,WAPELLO,US 63,35.6,555690,Ottumwa,5,90,14,2,180,2,2
2019-08-05T21:49:37.132499Z,2019-08-05T21:49:37.132501Z,56,1,5120363,512036,36,US 63 SB Passing Lane,T72N,24,R14W,Ottumwa,ROTI4,41.016833,-92.4212,642,WAPELLO,US 63,35.6,555690,Ottumwa,5,90,17,4,180,3,3
2019-08-05T21:49:37.132511Z,2019-08-05T21:49:37.132513Z,57,1,5120370,512037,37,IA 163 WB Drivng Lane,T76N,13,R18W,Pella,RPLI4,41.390167,-92.8725,890,MARION,IA 163,44.9,555662,Oskaloosa,5,63,6,0,270,0,0
2019-08-05T21:49:37.132523Z,2019-08-05T21:49:37.132525Z,58,1,5120371,512037,37,IA 163 WB Passing Lane,T76N,13,R18W,Pella,RPLI4,41.390167,-92.8725,890,MARION,IA 163,44.9,555662,Oskaloosa,5,63,0,0,270,1,1
2019-08-05T21:49:37.132535Z,2019-08-05T21:49:37.132537Z,59,1,5120372,512037,37,IA 163 EB Passing Lane,T76N,13,R18W,Pella,RPLI4,41.390167,-92.8725,890,MARION,IA 163,44.9,555662,Oskaloosa,5,63,0,0,90,2,2
2019-08-05T21:49:37.132547Z,2019-08-05T21:49:37.132550Z,60,1,5120373,512037,37,IA 163 EB Driving Lane,T76N,13,R18W,Pella,RPLI4,41.390167,-92.8725,890,MARION,IA 163,44.9,555662,Oskaloosa,5,63,11,1,90,3,3
2019-08-05T21:49:37.132560Z,2019-08-05T21:49:37.132562Z,61,1,5120400,512040,40,IA 92 EB,T76N,36,R13W,Sigourney,RSGI4,41.336333,-92.3145,664,KEOKUK,IA 92,198.65,555854,Sigourney,5,54,3,0,90,0,0
2019-08-05T21:49:37.132572Z,2019-08-05T21:49:37.132574Z,62,1,5120401,512040,40,IA 92 WB,T76N,36,R13W,Sigourney,RSGI4,41.336333,-92.3145,664,KEOKUK,IA 92,198.65,555854,Sigourney,5,54,2,1,270,1,1
2019-08-05T21:49:37.132585Z,2019-08-05T21:49:37.132587Z,63,0,5120410,512041,41,US 20 WB Driving Lane,T89N,31,R44W,Moville,RSCI4,42.4822,-96.0787,1149,WOODBURY,US 20,,553603,Sioux City Leeds,3,97,9999,9999,270,0,0
2019-08-05T21:49:37.132597Z,2019-08-05T21:49:37.132599Z,64,0,5120411,512041,41,US 20 WB Passing Lane,T89N,31,R44W,Moville,RSCI4,42.4822,-96.0787,1149,WOODBURY,US 20,,553603,Sioux City Leeds,3,97,9999,9999,270,1,1
2019-08-05T21:49:37.132608Z,2019-08-05T21:49:37.132611Z,65,0,5120412,512041,41,US 20 EB Passing Lane,T89N,31,R44W,Moville,RSCI4,42.4822,-96.0787,1149,WOODBURY,US 20,72.0,553603,Sioux City Leeds,3,97,9999,9999,90,2,2
2019-08-05T21:49:37.132621Z,2019-08-05T21:49:37.132623Z,66,0,5120413,512041,41,US 20 EB Driving Lane,T89N,31,R44W,Moville,RSCI4,42.4822,-96.0787,1149,WOODBURY,US 20,72.0,553603,Sioux City Leeds,3,97,9999,9999,90,3,3
2019-08-05T21:49:37.132632Z,2019-08-05T21:49:37.132635Z,67,1,5120420,512042,42,US 18 EB,T96N,22,R36W,Spencer,RSPI4,43.126833000000005,-95.0888,1484,CLAY,US 18,84.5,553812,Spencer,3,21,5,1,90,0,0
2019-08-05T21:49:37.132644Z,2019-08-05T21:49:37.132646Z,68,1,5120421,512042,42,US 18 WB,T96N,22,R36W,Spencer,RSPI4,43.126833000000005,-95.0888,1484,CLAY,US 18,84.5,553812,Spencer,3,21,4,0,270,1,1
2019-08-05T21:49:37.132656Z,2019-08-05T21:49:37.132658Z,69,1,5120430,512043,43,IA 71 SB,T92N,36,R37W,Storm Lake,RSLI4,42.7475,-95.1515,1329,BUENA VISTA,US 71,172.4,553805,Storm Lake,3,11,5,1,180,0,0
2019-08-05T21:49:37.132668Z,2019-08-05T21:49:37.132670Z,70,1,5120431,512043,43,IA 71 NB,T92N,36,R37W,Storm Lake,RSLI4,42.7475,-95.1515,1329,BUENA VISTA,US 71,172.4,553805,Storm Lake,3,11,3,0,0,1,1
2019-08-05T21:49:37.132680Z,2019-08-05T21:49:37.132682Z,71,1,5120440,512044,44,I-80 EB Driving Lane,T79N,18,R02W,Tipton,RTPI4,41.6448,-91.1272,664,CEDAR,I-80,266.2,556802,Tipton,6,16,31,17,90,0,0
2019-08-05T21:49:37.132692Z,2019-08-05T21:49:37.132694Z,72,1,5120441,512044,44,I-80 EB Passing Lane,T79N,18,R02W,Tipton,RTPI4,41.6448,-91.1272,664,CEDAR,I-80,266.2,556802,Tipton,6,16,29,22,90,1,1
2019-08-05T21:49:37.132704Z,2019-08-05T21:49:37.132706Z,73,1,5120442,512044,44,I-80 WB Passing Lane,T79N,18,R02W,Tipton,RTPI4,41.6448,-91.1272,664,CEDAR,I-80,266.2,556802,Tipton,6,16,26,4,270,2,2
2019-08-05T21:49:37.132717Z,2019-08-05T21:49:37.132719Z,74,1,5120443,512044,44,I-80 WB Driving Lane,T79N,18,R02W,Tipton,RTPI4,41.6448,-91.1272,664,CEDAR,I-80,266.2,556802,Tipton,6,16,22,18,270,3,3
2019-08-05T21:49:37.132729Z,2019-08-05T21:49:37.132731Z,75,0,5120460,512046,46,US 20 WB Driving Lane,T88N,12,R13W,Waterloo,RWLI4,42.455667,-92.309,882,BLACK HAWK,US 20,71.3,552807,Waterloo,2,7,9999,9999,270,0,0
2019-08-05T21:49:37.132741Z,2019-08-05T21:49:37.132743Z,76,0,5120461,512046,46,US 20 WB Passing Lane,T88N,12,R13W,Waterloo,RWLI4,42.455667,-92.309,882,BLACK HAWK,US 20,71.3,552807,Waterloo,2,7,9999,9999,270,1,1
2019-08-05T21:49:37.132754Z,2019-08-05T21:49:37.132756Z,77,0,5120462,512046,46,US 20 EB Passing Lane,T88N,12,R13W,Waterloo,RWLI4,42.455667,-92.309,882,BLACK HAWK,US 20,71.3,552807,Waterloo,2,7,9999,9999,90,2,2
2019-08-05T21:49:37.132766Z,2019-08-05T21:49:37.132768Z,78,0,5120463,512046,46,US 20 EB Driving Lane,T88N,12,R13W,Waterloo,RWLI4,42.455667,-92.309,882,BLACK HAWK,US 20,71.3,552807,Waterloo,2,7,9999,9999,90,3,3
2019-08-05T21:49:37.132778Z,2019-08-05T21:49:37.132780Z,79,1,5120470,512047,47,I-35 SB Driving Lane,T90N,23,R23W,Williams,RWII4,42.5875,-93.5315,1067,HAMILTON,I-35,153.0,551609,Williams,2,40,17,5,180,0,0
2019-08-05T21:49:37.132790Z,2019-08-05T21:49:37.132792Z,80,1,5120472,512047,47,I-35 NB Passing Lane,T90N,23,R23W,Williams,RWII4,42.5875,-93.5315,1067,HAMILTON,I-35,153.0,551609,Williams,2,40,10,3,0,2,2
2019-08-05T21:49:37.132801Z,2019-08-05T21:49:37.132803Z,81,1,5120473,512047,47,I-35 NB Driving Lane,T90N,23,R23W,Williams,RWII4,42.5875,-93.5315,1067,HAMILTON,I-35,153.0,551609,Williams,2,40,13,5,0,3,3
2019-08-05T21:49:37.132813Z,2019-08-05T21:49:37.132815Z,82,1,5120480,512048,48,I-80 WB Driving Lane,T80N,33,R10W,Williamsburg,RWBI4,41.687667,-92.0087,854,IOWA,I-80,219.9,556606,Williamsburg,6,48,55,20,270,0,0
2019-08-05T21:49:37.132825Z,2019-08-05T21:49:37.132827Z,83,1,5120481,512048,48,I-80 WB Passing Lane,T80N,33,R10W,Williamsburg,RWBI4,41.687667,-92.0087,854,IOWA,I-80,219.9,556606,Williamsburg,6,48,42,17,270,1,1
2019-08-05T21:49:37.132840Z,2019-08-05T21:49:37.132843Z,84,1,5120482,512048,48,I-80 EB Passing Lane,T80N,33,R10W,Williamsburg,RWBI4,41.687667,-92.0087,854,IOWA,I-80,219.9,556606,Williamsburg,6,48,4,2,90,2,2
2019-08-05T21:49:37.132853Z,2019-08-05T21:49:37.132855Z,85,1,5120483,512048,48,I-80 EB Driving Lane,T80N,33,R10W,Williamsburg,RWBI4,41.687667,-92.0087,854,IOWA,I-80,219.9,556606,Williamsburg,6,48,24,22,90,3,3
2019-08-05T21:49:37.132865Z,2019-08-05T21:49:37.132867Z,86,1,5120082,512008,8,US 30 EB Passing Lane,T84N,14,R35W,Carroll,RCAI4,42.0785,-94.8975,1275,CARROLL,US 30,80.0,553613,Carroll,3,14,7,3,90,2,2
2019-08-05T21:49:37.132877Z,2019-08-05T21:49:37.132879Z,87,1,5120083,512008,8,US 30 EB Driving Lane, ,14,R35W,Carroll,RCAI4,42.0785,-94.8975,1275,CARROLL,US 30,80.0,553613,Carroll,3,14,1,0,90,3,3
2019-08-05T21:49:37.132889Z,2019-08-05T21:49:37.132891Z,88,1,5120090,512009,9,I-380 NB Ramp,T83N,21,R07W,Cedar Rapids I-380,RCDI4,41.978,-91.6745,773,LINN,I-380,19.95,556608,Cedar Rapids,6,57,33,4,0,0,0
2019-08-05T21:49:37.132901Z,2019-08-05T21:49:37.132903Z,89,1,5120091,512009,9,I-380 NB Driving Lane,T83N,21,R07W,Cedar Rapids I-380,RCDI4,41.978,-91.6745,773,LINN,I-380,19.95,556608,Cedar Rapids,6,57,37,6,0,1,1
2019-08-05T21:49:37.132913Z,2019-08-05T21:49:37.132915Z,90,1,5120092,512009,9,I-380 NB Center Lane,T83N,21,R07W,Cedar Rapids I-380,RCDI4,41.978,-91.6745,773,LINN,I-380,19.95,556608,Cedar Rapids,6,57,51,8,0,2,2
2019-08-05T21:49:37.132925Z,2019-08-05T21:49:37.132927Z,91,1,5120093,512009,9,I-380 NB Passing Lane,T83N,21,R07W,Cedar Rapids I-380,RCDI4,41.978,-91.6745,773,LINN,I-380,19.95,556608,Cedar Rapids,6,57,37,4,0,3,3
2019-08-05T21:49:37.132937Z,2019-08-05T21:49:37.132939Z,92,1,5120094,512009,9,I-380 SB Passing Lane,T83N,21,R07W,Cedar Rapids I-380,RCDI4,41.978,-91.6745,773,LINN,I-380,19.95,556608,Cedar Rapids,6,57,37,5,180,4,4
2019-08-05T21:49:37.132949Z,2019-08-05T21:49:37.132952Z,93,1,5120096,512009,9,I-380 SB Driving Lane,T83N,21,R07W,Cedar Rapids I-380,RCDI4,41.978,-91.6745,773,LINN,I-380,19.95,556608,Cedar Rapids,6,57,38,8,180,6,6
2019-08-05T21:49:37.132962Z,2019-08-05T21:49:37.132964Z,94,1,5120097,512009,9,I-380 SB Ramp,T83N,21,R07W,Cedar Rapids I-380,RCDI4,41.978,-91.6745,773,LINN,I-380,19.95,556608,Cedar Rapids,6,57,19,4,180,7,7
2019-08-05T21:49:37.132974Z,2019-08-05T21:49:37.132976Z,95,1,5120100,512010,10,US 30 EB Driving Lane,T82N,8,R07W,Cedar Rapids US 30,RCII4,41.93,-91.6838,807,LINN,US 30,252.0,556608,Cedar Rapids,6,57,36,11,90,0,0
2019-08-05T21:49:37.132986Z,2019-08-05T21:49:37.132988Z,96,1,5120101,512010,10,US 30 EB Passing Lane,T82N,8,R07W,Cedar Rapids US 30,RCII4,41.93,-91.6838,807,LINN,US 30,252.0,556608,Cedar Rapids,6,57,27,3,90,1,1
2019-08-05T21:49:37.132998Z,2019-08-05T21:49:37.133000Z,97,1,5120102,512010,10,US 30 WB Passing Lane,T82N,8,R07W,Cedar Rapids US 30,RCII4,41.93,-91.6838,807,LINN,US 30,252.0,556608,Cedar Rapids,6,57,36,8,270,2,2
2019-08-05T21:49:37.133009Z,2019-08-05T21:49:37.133012Z,98,1,5120103,512010,10,US 30 WB Driving Lane,T82N,8,R07W,Cedar Rapids US 30,RCII4,41.93,-91.6838,807,LINN,US 30,252.0,556608,Cedar Rapids,6,57,37,12,270,3,3
2019-08-05T21:49:37.133022Z,2019-08-05T21:49:37.133024Z,99,1,5120110,512011,11,IA 2 WB,T69N,26,R19W,Centerville,RCNI4,40.739667,-93.0027,968,APPANOOSE,IA 2,164.3,555604,Centerville,5,4,2,0,270,0,0
2019-08-05T21:49:37.133033Z,2019-08-05T21:49:37.133036Z,100,1,5120111,512011,11,IA 2 EB,T69N,26,R19W,Centerville,RCNI4,40.739667,-93.0027,968,APPANOOSE,IA 2,164.3,555604,Centerville,5,4,0,0,90,1,1
2019-08-05T21:49:37.133045Z,2019-08-05T21:49:37.133047Z,101,1,5120130,512013,13,US 34 EB,T72N,9,R30W,Creston,RCEI4,41.049833,-94.30799999999999,1274,UNION,US 34,87.0,554607,Creston,4,88,9,2,90,0,0
2019-08-05T21:49:37.133057Z,2019-08-05T21:49:37.133059Z,102,1,5120131,512013,13,US 34 WB,T72N,9,R30W,Creston,RCEI4,41.049833,-94.30799999999999,1274,UNION,US 34,87.0,554607,Creston,4,88,5,1,270,1,1
2019-08-05T21:49:37.133069Z,2019-08-05T21:49:37.133071Z,103,1,5120140,512014,14,I-80 EB Driving Lane,T79N,36,R02E,Davenport,RDVI4,41.602333,-90.6777,676,SCOTT,I-80,289.9,556812,Davenport,6,82,48,33,90,0,0
2019-08-05T21:49:37.133081Z,2019-08-05T21:49:37.133083Z,104,1,5120141,512014,14,I-80 EB Passing Lane,T79N,36,R02E,Davenport,RDVI4,41.602333,-90.6777,676,SCOTT,I-80,289.9,556812,Davenport,6,82,52,45,90,1,1
2019-08-05T21:49:37.133093Z,2019-08-05T21:49:37.133095Z,105,1,5120150,512015,15,IA 9 WB,T97N,5,R07W,Decorah,RDCI4,43.2455,-91.6997,1017,WINNESHIEK,IA 9,265.2,552896,Decorah,2,96,3,0,270,0,0
2019-08-05T21:49:37.133105Z,2019-08-05T21:49:37.133107Z,106,1,5120151,512015,15,IA 9 EB,T97N,5,R07W,Decorah,RDCI4,43.2455,-91.6997,1017,WINNESHIEK,IA 9,265.2,552896,Decorah,2,96,10,1,90,1,1
2019-08-05T21:49:37.133117Z,2019-08-05T21:49:37.133119Z,107,1,5120190,512019,19,US 61 SB Ramp,T81N,14,R03E,De Witt,RDWI4,41.826167,-90.5705,789,CLINTON,US 61,139.75,556804,De Witt,6,23,6,1,180,0,0
2019-08-05T21:49:37.133130Z,2019-08-05T21:49:37.133132Z,108,1,5120191,512019,19,US 61 SB Driving Lane,T81N,14,R03E,De Witt,RDWI4,41.826167,-90.5705,789,CLINTON,US 61,139.75,556804,De Witt,6,23,8,2,180,1,1
2019-08-05T21:49:37.133142Z,2019-08-05T21:49:37.133144Z,109,1,5120192,512019,19,US 61 SB Passing Lane,T81N,14,R03E,De Witt,RDWI4,41.826167,-90.5705,789,CLINTON,US 61,139.75,556804,De Witt,6,23,2,0,180,2,2
2019-08-05T21:49:37.133154Z,2019-08-05T21:49:37.133156Z,110,1,5120193,512019,19,US 61 NB Passing Lane,T81N,14,R03E,De Witt,RDWI4,41.826167,-90.5705,789,CLINTON,US 61,139.75,556804,De Witt,6,23,1,0,0,3,3
2019-08-05T21:49:37.133166Z,2019-08-05T21:49:37.133168Z,111,1,5120194,512019,19,US 61 NB Driving Lane,T81N,14,R03E,De Witt,RDWI4,41.826167,-90.5705,789,CLINTON,US 61,139.75,556804,De Witt,6,23,6,3,0,4,4
2019-08-05T21:49:37.133178Z,2019-08-05T21:49:37.133180Z,112,1,5120524,512052,52,US 151 EB Exit Ramp,T84N,24,R05W,Anamosa,RCRI4,42.071186,-91.335695,939,JONES,IA 1,266.2,556810,Anamosa,6,53,4,0,90,4,4
2019-08-05T21:49:37.133189Z,2019-08-05T21:49:37.133191Z,113,1,5120493,512049,49,I-35 NB Driving Lane,T99N,17,R21W,Worth County/Hanlontown,RHAI4,43.392167,-93.3498,1093,WORTH,I-35,211.2,552698,Hanlontown,2,98,0,0,0,3,3
2019-08-05T21:49:37.133201Z,2019-08-05T21:49:37.133203Z,114,1,5120500,512050,50,US 20 WB Driving Lane,T88N,10,R19W,Steamboat Rock,RSBI4,42.4534,-93.0583,1111,HARDIN,US 20,,551608,Iowa Falls,1,42,10,3,270,0,0
2019-08-05T21:49:37.133213Z,2019-08-05T21:49:37.133215Z,115,1,5120501,512050,50,US 20 WB Passing Lane,T88N,10,R19W,Steamboat Rock,RSBI4,42.4534,-93.0583,1111,HARDIN,US 20,,551608,Iowa Falls,1,42,2,0,270,1,1
2019-08-05T21:49:37.133225Z,2019-08-05T21:49:37.133227Z,116,1,5120502,512050,50,US 20 EB Passing Lane,T88N,10,R19W,Steamboat Rock,RSBI4,42.4534,-93.0583,1111,HARDIN,US 20,,551608,Iowa Falls,1,42,2,2,90,2,2
2019-08-05T21:49:37.133237Z,2019-08-05T21:49:37.133239Z,117,1,5120503,512050,50,US 20 EB Driving Lane,T88N,10,R19W,Steamboat Rock,RSBI4,42.4534,-93.0583,1111,HARDIN,US 20,,551608,Iowa Falls,1,42,7,5,90,3,3
2019-08-05T21:49:37.133249Z,2019-08-05T21:49:37.133251Z,118,1,5120510,512051,51,US 59 WB,T87N,15,R40W,Ida Grove,RIGI4,42.3515,-95.4783,1215,IDA,US 59,172.4,553608,Ida Grove,3,47,13,0,270,0,0
2019-08-05T21:49:37.133261Z,2019-08-05T21:49:37.133263Z,119,1,5120511,512051,51,US 59 EB,T87N,15,R40W,Ida Grove,RIGI4,42.3515,-95.4783,1215,IDA,US 59,172.4,553608,Ida Grove,3,47,7,0,90,1,1
2019-08-05T21:49:37.133273Z,2019-08-05T21:49:37.133275Z,120,1,5120520,512052,52,US 151 WB Driving Lane,T84N,24,R05W,Anamosa,RCRI4,42.071186,-91.335695,939,JONES,IA 1,,556810,Anamosa,6,53,8,2,270,0,0
2019-08-05T21:49:37.133285Z,2019-08-05T21:49:37.133287Z,121,1,5120521,512052,52,US 151 WB Passing Lane,T84N,24,R05W,Anamosa,RCRI4,42.071186,-91.335695,939,JONES,IA 1,,556810,Anamosa,6,53,1,0,270,1,1
2019-08-05T21:49:37.133297Z,2019-08-05T21:49:37.133299Z,122,1,5120522,512052,52,US 151 EB Passing Lane,T84N,24,R05W,Anamosa,RCRI4,42.071186,-91.335695,939,JONES,IA 1,,556810,Anamosa,6,53,1,0,90,2,2
2019-08-05T21:49:37.133309Z,2019-08-05T21:49:37.133311Z,123,1,5120523,512052,52,US 151 EB Driving Lane,T84N,24,R05W,Anamosa,RCRI4,42.071186,-91.335695,939,JONES,IA 1,266.2,556810,Anamosa,6,53,13,2,90,3,3
2019-08-05T21:49:37.133321Z,2019-08-05T21:49:37.133323Z,124,1,5120530,512053,53,I-80 EB Driving Lane,T80N,35,R21W,Colfax,RCFI4,41.68899999999999,-93.2597,806,JASPER,I-80,154.5,551804,Newton,1,50,25,8,90,0,0
2019-08-05T21:49:37.133332Z,2019-08-05T21:49:37.133334Z,125,1,5120531,512053,53,I-80 EB Passing Lane,T80N,35,R21W,Colfax,RCFI4,41.68899999999999,-93.2597,806,JASPER,I-80,154.5,551804,Newton,1,50,25,2,90,1,1
2019-08-05T21:49:37.133344Z,2019-08-05T21:49:37.133346Z,126,1,5120532,512053,53,I-80 WB Passing Lane,T80N,35,R21W,Colfax,RCFI4,41.68899999999999,-93.2597,806,JASPER,I-80,154.5,551804,Newton,1,50,28,15,270,2,2
2019-08-05T21:49:37.133356Z,2019-08-05T21:49:37.133358Z,127,1,5120533,512053,53,I-80 WB Driving Lane,T80N,35,R21W,Colfax,RCFI4,41.68899999999999,-93.2597,806,JASPER,I-80,154.5,551804,Newton,1,50,24,15,270,3,3
2019-08-05T21:49:37.133368Z,2019-08-05T21:49:37.133371Z,128,1,5120550,512055,55,IA 2 WB,T68N,23,R34W,Bedford,RBFI4,40.6773,-94.7808,1100,TAYLOR,IA 2 ,71.3,554605,Clarinda,4,87,6,1,270,0,0
2019-08-05T21:49:37.133381Z,2019-08-05T21:49:37.133383Z,129,1,5120551,512055,55,IA 2 EB,T68N,23,R34W,Bedford,RBFI4,40.6773,-94.7808,1100,TAYLOR,IA 2 ,71.3,554605,Clarinda,4,87,0,0,90,1,1
2019-08-05T21:49:37.133393Z,2019-08-05T21:49:37.133395Z,130,1,5120570,512057,57,US 30 WB,T83N,25,R13W,Tama,RTMI4,41.9649,-92.2983,822,TAMA,US 30,153.0,551605,Tama,1,86,5,1,270,0,0
2019-08-05T21:49:37.133405Z,2019-08-05T21:49:37.133407Z,131,1,5120571,512057,57,US 30 EB,T83N,25,R13W,Tama,RTMI4,41.9649,-92.2983,822,TAMA,US 30,153.0,551605,Tama,1,86,6,1,90,1,1
2019-08-05T21:49:37.133416Z,2019-08-05T21:49:37.133418Z,132,1,5120572,512057,57,US 30 Right Turn,T83N,25,R13W,Tama,RTMI4,41.9649,-92.2983,822,TAMA,US 30,153.0,551605,Tama,1,86,1,0,9999,2,2
2019-08-05T21:49:37.133428Z,2019-08-05T21:49:37.133430Z,133,1,5120580,512058,58,US 218 SB Driving Lane,T93N,30,R14W,Plainfield,RPFI4,42.8332,-92.5371,965,BREMER,US 218,153.0,552809,Waverly,2,9,15,5,180,0,0
2019-08-05T21:49:37.133440Z,2019-08-05T21:49:37.133442Z,134,1,5120581,512058,58,US 218 SB Passing Lane,T93N,30,R14W,Plainfield,RPFI4,42.8332,-92.5371,965,BREMER,US 218,219.9,552809,Waverly,2,9,2,1,180,1,1
2019-08-05T21:49:37.133452Z,2019-08-05T21:49:37.133454Z,135,1,5120582,512058,58,US 218 NB Passing Lane,T93N,30,R14W,Plainfield,RPFI4,42.8332,-92.5371,965,BREMER,US 218,219.9,552809,Waverly,2,9,5,0,0,2,2
2019-08-05T21:49:37.133464Z,2019-08-05T21:49:37.133466Z,136,1,5120583,512058,58,US 218 NB Driving Lane,T93N,30,R14W,Plainfield,RPFI4,42.8332,-92.5371,965,BREMER,US 218,219.9,552809,Waverly,2,9,12,2,0,3,3
2019-08-05T21:49:37.133476Z,2019-08-05T21:49:37.133478Z,137,1,5120590,512059,59,IA 2 EB,T68N,30,R10W,Cantril,RCLI4,40.6578,-92.06200000000001,693,VAN BUREN,IA 2,219.9,555826,Bloomfield,5,89,4,1,90,0,0
2019-08-05T21:49:37.133488Z,2019-08-05T21:49:37.133490Z,138,1,5120591,512059,59,IA 2 WB,T68N,30,R10W,Cantril,RCLI4,40.6578,-92.06200000000001,693,VAN BUREN,IA 2,211.2,555826,Bloomfield,5,89,1,0,270,1,1
2019-08-05T21:49:37.133499Z,2019-08-05T21:49:37.133501Z,139,1,5120600,512060,60,US 59 SB,T82N,13,R39W,Denison,RDNI4,41.9157,-95.3439,1400,CRAWFORD,US 59,95.0,553612,Denison,3,24,0,0,180,0,0
2019-08-05T21:49:37.133511Z,2019-08-05T21:49:37.133513Z,140,1,5120601,512060,60,US 59 NB,T82N,13,R39W,Denison,RDNI4,41.9157,-95.3439,1400,CRAWFORD,US 59,95.0,553612,Denison,3,24,0,0,0,1,1
2019-08-05T21:49:37.133523Z,2019-08-05T21:49:37.133525Z,142,1,5120560,512056,56,IA 137 WB,T73N,12,R16W,Eddyville,RDYI4,41.1465,-92.6436,799,MONROE,IA 137,,555690,Ottumwa,5,68,10,0,90,0,0
2019-08-05T21:49:37.133535Z,2019-08-05T21:49:37.133537Z,143,1,5120561,512056,56,IA 137 EB,T73N,12,R16W,Eddyville,RDYI4,41.1465,-92.6436,799,MONROE,IA 137,,555690,Ottumwa,5,68,11,6,270,1,1
2019-08-05T21:49:37.133547Z,2019-08-05T21:49:37.133549Z,144,0,5120320,512032,32,US 218 NB Driving Lane,T70N,4,R06W,Mount Pleasant,RMPI4,40.895666999999996,-91.5555,436,HENRY,US 218,38.3,555844,Mount Pleasant,5,44,9999,9999,0,0,0
2019-08-05T21:49:37.133558Z,2019-08-05T21:49:37.133560Z,145,0,5120321,512032,32,US 218 NB Passing Lane,T70N,4,R06W,Mount Pleasant,RMPI4,40.895666999999996,-91.5555,436,HENRY,US 218,38.3,555844,Mount Pleasant,5,44,9999,9999,0,1,1
2019-08-05T21:49:37.133570Z,2019-08-05T21:49:37.133572Z,146,0,5120322,512032,32,US 218 SB Passing Lane,T70N,4,R06W,Mount Pleasant,RMPI4,40.895666999999996,-91.5555,436,HENRY,US 218,38.3,555844,Mount Pleasant,5,44,9999,9999,180,2,2
2019-08-05T21:49:37.133582Z,2019-08-05T21:49:37.133584Z,147,0,5120323,512032,32,US 218 SB Driving Lane,T70N,4,R06W,Mount Pleasant,RMPI4,40.895666999999996,-91.5555,436,HENRY,US 218,38.3,555844,Mount Pleasant,5,44,9999,9999,180,3,3
2019-08-05T21:49:37.133594Z,2019-08-05T21:49:37.133596Z,148,1,5120280,512028,28,US 61 SB Driving Lane,T84N,24,R02E,Maquoketa,RMQI4,42.0685,-90.6835,824,JACKSON,US 61,158.95,556808,Maquoketa,6,49,6,0,180,0,0
2019-08-05T21:49:37.133606Z,2019-08-05T21:49:37.133608Z,149,1,5120281,512028,28,US 61 SB Passing Lane,T84N,24,R02E,Maquoketa,RMQI4,42.0685,-90.6835,824,JACKSON,US 61,158.95,556808,Maquoketa,6,49,8,1,180,1,1
2019-08-05T21:49:37.133618Z,2019-08-05T21:49:37.133620Z,150,1,5120282,512028,28,US 61 NB Passing Lane,T84N,24,R02E,Maquoketa,RMQI4,42.0685,-90.6835,824,JACKSON,US 61,158.95,556808,Maquoketa,6,49,0,0,0,2,2
2019-08-05T21:49:37.133630Z,2019-08-05T21:49:37.133632Z,151,1,5120283,512028,28,US 61 NB Driving Lane,T84N,24,R02E,Maquoketa,RMQI4,42.0685,-90.6835,824,JACKSON,US 61,158.95,556808,Maquoketa,6,49,3,1,0,3,3
2019-08-05T21:49:37.133642Z,2019-08-05T21:49:37.133644Z,152,1,5120390,512039,39,I-29 SB Driving Lane,T68N,21,R43W,Sidney,RSDI4,40.6895,-95.7834,943,FREMONT,I-29,10.2,554808,Sidney,4,36,5,4,180,0,0
2019-08-05T21:49:37.133654Z,2019-08-05T21:49:37.133656Z,153,1,5120391,512039,39,I-29 SB Passing Lane,T68N,21,R43W,Sidney,RSDI4,40.6895,-95.7834,943,FREMONT,I-29,10.2,554808,Sidney,4,36,7,0,180,1,1
2019-08-05T21:49:37.133666Z,2019-08-05T21:49:37.133668Z,154,1,5120392,512039,39,I-29 NB Driving Lane,T68N,21,R43W,Sidney,RSDI4,40.6895,-95.7834,943,FREMONT,I-29,10.2,554808,Sidney,4,36,3,1,0,2,2
2019-08-05T21:49:37.133677Z,2019-08-05T21:49:37.133679Z,156,1,5120630,512063,63,US 20 WB Driving Lane,T88N,10,R33W,Rockwell City,RRWI4,42.4501,-94.67,1286,CALHOUN,US 20,,553606,Rockwell City,3,13,3,1,270,0,0
2019-08-05T21:49:37.133689Z,2019-08-05T21:49:37.133691Z,157,1,5120631,512063,63,US 20 WB Passing Lane,T88N,10,R33W,Rockwell City,RRWI4,42.4501,-94.67,1286,CALHOUN,US 20,,553606,Rockwell City,3,13,1,1,270,1,1
2019-08-05T21:49:37.133701Z,2019-08-05T21:49:37.133703Z,158,1,5120632,512063,63,US 20 EB Passing Lane,T88N,10,R33W,Rockwell City,RRWI4,42.4501,-94.67,1286,CALHOUN,US 20,,553606,Rockwell City,3,13,0,0,90,2,2
2019-08-05T21:49:37.133713Z,2019-08-05T21:49:37.133715Z,159,1,5120633,512063,63,US 20 WB Passing Lane,T88N,10,R33W,Rockwell City,RRWI4,42.4501,-94.67,1286,CALHOUN,US 20,,553606,Rockwell City,3,13,4,4,90,3,3
